comm,loans,bad,bad_rate,members
638,1,1,1.0,4
18,3,3,1.0,4
50,1,1,1.0,3
635,1,1,1.0,4
27,2,2,1.0,4
9,1,1,1.0,3
36,1,1,1.0,2
1161,1,1,1.0,4
591,1,1,1.0,3
233,1,1,1.0,4
531,1,1,1.0,3
61,1,1,1.0,4
58,1,1,1.0,3
37,3,3,1.0,7
14,6,5,0.8333333333333334,9
524,4,3,0.75,4
563,8,5,0.625,10
371,2,1,0.5,5
73,2,1,0.5,4
967,2,1,0.5,6
979,2,1,0.5,4
527,16,8,0.5,25
217,2,1,0.5,5
705,2,1,0.5,4
316,2,1,0.5,4
65,15,7,0.4666666666666667,22
970,9,4,0.4444444444444444,13
550,5,2,0.4,5
19,18,6,0.3333333333333333,29
141,3,1,0.3333333333333333,8
221,3,1,0.3333333333333333,7
824,3,1,0.3333333333333333,8
123,18,6,0.3333333333333333,31
2,9,3,0.3333333333333333,13
75,18,5,0.2777777777777778,29
1037,40,11,0.275,61
28,11,3,0.2727272727272727,15
1016,4,1,0.25,7
160,4,1,0.25,9
81,4,1,0.25,7
652,12,3,0.25,19
106,8,2,0.25,17
639,4,1,0.25,5
286,4,1,0.25,9
780,5,1,0.2,8
246,5,1,0.2,9
708,5,1,0.2,8
457,6,1,0.16666666666666666,10
486,6,1,0.16666666666666666,8
442,6,1,0.16666666666666666,14
405,78,13,0.16666666666666666,135
437,7,1,0.14285714285714285,14
101,7,1,0.14285714285714285,14
321,7,1,0.14285714285714285,16
451,15,2,0.13333333333333333,20
264,9,1,0.1111111111111111,19
1115,55,6,0.10909090909090909,99
862,10,1,0.1,23
196,105,10,0.09523809523809523,172
949,11,1,0.09090909090909091,20
1214,11,1,0.09090909090909091,22
1134,14,1,0.07142857142857142,31
391,14,1,0.07142857142857142,28
1233,14,1,0.07142857142857142,22
1035,43,3,0.06976744186046512,83
200,16,1,0.0625,33
220,50,3,0.06,87
1174,18,1,0.05555555555555555,27
475,20,1,0.05,38
192,21,1,0.047619047619047616,40
530,21,1,0.047619047619047616,36
163,65,3,0.046153846153846156,127
174,67,3,0.04477611940298507,125
784,45,2,0.044444444444444446,84
458,23,1,0.043478260869565216,42
293,23,1,0.043478260869565216,52
236,49,2,0.04081632653061224,92
72,50,2,0.04,85
243,75,3,0.04,144
567,26,1,0.038461538461538464,55
871,27,1,0.037037037037037035,59
1243,98,3,0.030612244897959183,190
1204,66,2,0.030303030303030304,130
851,99,3,0.030303030303030304,183
805,113,3,0.02654867256637168,214
146,38,1,0.02631578947368421,77
867,41,1,0.024390243902439025,83
177,44,1,0.022727272727272728,93
607,139,3,0.02158273381294964,240
429,95,2,0.021052631578947368,186
257,100,2,0.02,199
7,108,2,0.018518518518518517,188
134,55,1,0.01818181818181818,105
552,55,1,0.01818181818181818,106
1184,57,1,0.017543859649122806,118
1266,58,1,0.017241379310344827,117
565,61,1,0.01639344262295082,123
227,66,1,0.015151515151515152,133
927,68,1,0.014705882352941176,130
396,70,1,0.014285714285714285,137
320,72,1,0.013888888888888888,128
363,77,1,0.012987012987012988,153
313,78,1,0.01282051282051282,147
801,79,1,0.012658227848101266,149
318,83,1,0.012048192771084338,171
631,84,1,0.011904761904761904,168
260,87,1,0.011494252873563218,175
53,89,1,0.011235955056179775,174
12,91,1,0.01098901098901099,186
242,93,1,0.010752688172043012,161
751,118,1,0.00847457627118644,225
925,1,0,0.0,4
924,6,0,0.0,11
926,1,0,0.0,3
928,1,0,0.0,3
929,1,0,0.0,4
930,12,0,0.0,25
931,3,0,0.0,9
932,1,0,0.0,4
933,1,0,0.0,3
895,1,0,0.0,3
896,82,0,0.0,153
904,4,0,0.0,10
903,3,0,0.0,7
905,1,0,0.0,4
906,7,0,0.0,18
907,1,0,0.0,4
902,8,0,0.0,16
908,5,0,0.0,12
909,1,0,0.0,3
901,1,0,0.0,4
910,1,0,0.0,2
934,2,0,0.0,6
900,7,0,0.0,13
911,20,0,0.0,43
917,4,0,0.0,11
899,1,0,0.0,3
913,2,0,0.0,5
898,2,0,0.0,6
914,1,0,0.0,4
915,2,0,0.0,4
916,2,0,0.0,7
897,1,0,0.0,4
918,1,0,0.0,3
919,8,0,0.0,14
920,3,0,0.0,7
921,3,0,0.0,7
922,2,0,0.0,5
923,3,0,0.0,8
912,1,0,0.0,4
998,1,0,0.0,4
997,1,0,0.0,3
996,1,0,0.0,3
995,1,0,0.0,4
994,1,0,0.0,4
993,5,0,0.0,12
992,1,0,0.0,3
991,63,0,0.0,120
990,9,0,0.0,14
957,1,0,0.0,3
988,1,0,0.0,3
987,2,0,0.0,4
986,5,0,0.0,13
985,1,0,0.0,3
984,1,0,0.0,4
983,1,0,0.0,3
982,1,0,0.0,3
981,1,0,0.0,4
980,1,0,0.0,3
989,1,0,0.0,3
1020,1,0,0.0,4
1018,5,0,0.0,11
1017,14,0,0.0,29
1015,4,0,0.0,11
1014,18,0,0.0,36
1013,1,0,0.0,4
1012,1,0,0.0,3
1011,1,0,0.0,3
1010,1,0,0.0,1
999,1,0,0.0,3
1008,3,0,0.0,8
1007,1,0,0.0,3
1006,2,0,0.0,7
1005,2,0,0.0,5
1004,1,0,0.0,3
1003,4,0,0.0,8
1002,2,0,0.0,4
1001,1,0,0.0,4
1000,2,0,0.0,6
1009,3,0,0.0,9
954,1,0,0.0,3
953,2,0,0.0,3
952,8,0,0.0,15
951,5,0,0.0,11
950,7,0,0.0,12
948,1,0,0.0,4
947,1,0,0.0,3
946,1,0,0.0,3
945,1,0,0.0,3
978,1,0,0.0,4
943,1,0,0.0,3
942,1,0,0.0,4
941,6,0,0.0,14
940,5,0,0.0,11
939,3,0,0.0,5
938,2,0,0.0,6
937,1,0,0.0,3
936,1,0,0.0,3
935,1,0,0.0,4
944,1,0,0.0,3
977,3,0,0.0,6
976,13,0,0.0,29
975,52,0,0.0,109
974,23,0,0.0,44
973,1,0,0.0,4
972,4,0,0.0,9
971,7,0,0.0,19
969,1,0,0.0,3
968,1,0,0.0,4
955,5,0,0.0,7
965,9,0,0.0,17
964,1,0,0.0,3
963,2,0,0.0,6
962,6,0,0.0,10
961,11,0,0.0,20
960,1,0,0.0,3
959,1,0,0.0,4
958,1,0,0.0,4
894,1,0,0.0,3
956,1,0,0.0,3
966,1,0,0.0,3
783,5,0,0.0,9
782,2,0,0.0,5
781,1,0,0.0,4
779,1,0,0.0,4
778,5,0,0.0,9
777,1,0,0.0,3
776,6,0,0.0,9
775,3,0,0.0,8
774,1,0,0.0,3
1019,2,0,0.0,7
772,1,0,0.0,4
771,3,0,0.0,8
770,1,0,0.0,3
769,6,0,0.0,13
768,1,0,0.0,4
767,2,0,0.0,4
766,1,0,0.0,3
765,64,0,0.0,136
764,2,0,0.0,4
773,1,0,0.0,3
806,2,0,0.0,4
804,68,0,0.0,113
803,1,0,0.0,3
802,1,0,0.0,4
800,2,0,0.0,5
799,5,0,0.0,10
798,9,0,0.0,19
797,9,0,0.0,19
796,3,0,0.0,7
785,3,0,0.0,7
794,1,0,0.0,3
793,1,0,0.0,3
792,4,0,0.0,9
791,2,0,0.0,6
790,4,0,0.0,8
789,1,0,0.0,3
788,1,0,0.0,3
787,1,0,0.0,3
786,2,0,0.0,6
795,3,0,0.0,7
740,5,0,0.0,12
739,3,0,0.0,8
738,1,0,0.0,3
737,4,0,0.0,6
736,8,0,0.0,16
735,5,0,0.0,13
734,1,0,0.0,3
733,2,0,0.0,5
732,1,0,0.0,4
763,21,0,0.0,32
730,4,0,0.0,11
729,1,0,0.0,3
728,7,0,0.0,12
727,7,0,0.0,13
726,2,0,0.0,6
725,59,0,0.0,126
724,2,0,0.0,4
723,4,0,0.0,8
722,2,0,0.0,4
731,2,0,0.0,6
762,6,0,0.0,12
761,11,0,0.0,19
760,2,0,0.0,6
759,117,0,0.0,226
758,3,0,0.0,3
757,13,0,0.0,27
756,3,0,0.0,8
755,5,0,0.0,10
754,48,0,0.0,79
741,1,0,0.0,3
752,1,0,0.0,3
750,8,0,0.0,15
749,1,0,0.0,4
748,1,0,0.0,4
747,2,0,0.0,6
746,1,0,0.0,3
745,13,0,0.0,26
744,2,0,0.0,6
743,1,0,0.0,4
742,1,0,0.0,3
753,4,0,0.0,11
872,22,0,0.0,43
870,1,0,0.0,3
869,1,0,0.0,3
868,2,0,0.0,5
866,4,0,0.0,10
865,1,0,0.0,3
864,4,0,0.0,11
863,2,0,0.0,4
861,8,0,0.0,18
807,1,0,0.0,3
859,1,0,0.0,3
858,2,0,0.0,5
857,1,0,0.0,4
856,8,0,0.0,14
855,1,0,0.0,3
854,5,0,0.0,12
853,1,0,0.0,4
852,9,0,0.0,20
850,1,0,0.0,4
860,1,0,0.0,3
893,1,0,0.0,4
892,1,0,0.0,4
891,1,0,0.0,3
890,66,0,0.0,117
889,1,0,0.0,4
888,6,0,0.0,12
887,2,0,0.0,3
886,2,0,0.0,5
885,2,0,0.0,5
873,1,0,0.0,3
883,5,0,0.0,10
882,4,0,0.0,10
881,4,0,0.0,8
880,1,0,0.0,4
879,4,0,0.0,9
878,13,0,0.0,26
877,1,0,0.0,4
876,6,0,0.0,8
875,1,0,0.0,4
874,1,0,0.0,4
884,1,0,0.0,3
827,5,0,0.0,9
826,1,0,0.0,1
825,4,0,0.0,10
823,1,0,0.0,3
822,1,0,0.0,3
821,4,0,0.0,8
820,1,0,0.0,3
819,1,0,0.0,4
818,7,0,0.0,11
849,3,0,0.0,7
816,1,0,0.0,3
815,1,0,0.0,3
814,22,0,0.0,45
813,1,0,0.0,3
812,1,0,0.0,3
811,2,0,0.0,6
810,1,0,0.0,4
809,2,0,0.0,5
808,1,0,0.0,3
817,4,0,0.0,11
848,1,0,0.0,3
847,4,0,0.0,11
846,1,0,0.0,2
845,5,0,0.0,14
844,2,0,0.0,5
843,9,0,0.0,22
842,5,0,0.0,13
841,1,0,0.0,4
840,2,0,0.0,6
828,1,0,0.0,3
838,1,0,0.0,3
837,4,0,0.0,12
836,1,0,0.0,4
835,6,0,0.0,10
834,2,0,0.0,5
833,2,0,0.0,5
832,2,0,0.0,6
831,3,0,0.0,9
830,2,0,0.0,6
829,1,0,0.0,3
839,3,0,0.0,3
1255,9,0,0.0,12
1254,9,0,0.0,17
1253,1,0,0.0,3
1252,5,0,0.0,13
1251,3,0,0.0,6
1250,1,0,0.0,3
1249,1,0,0.0,4
1248,1,0,0.0,4
1247,7,0,0.0,15
1050,1,0,0.0,3
1245,1,0,0.0,3
1244,1,0,0.0,3
1242,1,0,0.0,3
1241,5,0,0.0,10
1240,10,0,0.0,25
1239,1,0,0.0,4
1238,1,0,0.0,4
1237,1,0,0.0,3
1236,1,0,0.0,3
1246,62,0,0.0,116
1276,5,0,0.0,12
1275,15,0,0.0,31
1274,1,0,0.0,3
1273,4,0,0.0,9
1272,1,0,0.0,4
1271,1,0,0.0,4
1270,4,0,0.0,12
1269,1,0,0.0,3
1268,7,0,0.0,12
1256,3,0,0.0,7
1265,2,0,0.0,7
1264,3,0,0.0,7
1263,1,0,0.0,4
1262,1,0,0.0,3
1261,1,0,0.0,3
1260,1,0,0.0,3
1259,3,0,0.0,8
1258,3,0,0.0,8
1257,11,0,0.0,16
1267,1,0,0.0,3
1211,7,0,0.0,16
1210,1,0,0.0,3
1209,8,0,0.0,17
1208,2,0,0.0,5
1207,63,0,0.0,115
1206,1,0,0.0,4
1205,31,0,0.0,54
1203,1,0,0.0,3
1202,1,0,0.0,3
1235,1,0,0.0,4
1200,2,0,0.0,7
1199,4,0,0.0,10
1198,16,0,0.0,35
1197,3,0,0.0,7
1196,2,0,0.0,4
1195,1,0,0.0,4
1194,1,0,0.0,3
1193,1,0,0.0,3
1192,112,0,0.0,215
1201,1,0,0.0,3
1234,1,0,0.0,3
1232,1,0,0.0,4
1231,1,0,0.0,3
1230,3,0,0.0,8
1229,3,0,0.0,7
1228,2,0,0.0,5
1227,1,0,0.0,3
1226,2,0,0.0,6
1225,25,0,0.0,38
1212,1,0,0.0,4
1223,10,0,0.0,20
1222,2,0,0.0,5
1221,18,0,0.0,38
1220,6,0,0.0,14
1219,1,0,0.0,3
1218,1,0,0.0,4
1217,2,0,0.0,3
1216,4,0,0.0,10
1215,1,0,0.0,3
1213,1,0,0.0,3
1224,2,0,0.0,6
11,1,0,0.0,4
10,71,0,0.0,134
8,6,0,0.0,8
6,16,0,0.0,32
1333,2,0,0.0,6
1332,27,0,0.0,59
1331,1,0,0.0,3
1330,1,0,0.0,3
1329,1,0,0.0,4
1277,1,0,0.0,3
1327,1,0,0.0,3
1326,1,0,0.0,3
1325,1,0,0.0,4
1324,3,0,0.0,8
1323,1,0,0.0,4
1322,1,0,0.0,3
1321,1,0,0.0,4
1320,1,0,0.0,4
1319,2,0,0.0,4
1328,5,0,0.0,8
1348,1,0,0.0,4
1347,3,0,0.0,9
1346,1,0,0.0,3
1345,1,0,0.0,4
1344,1,0,0.0,3
1343,1,0,0.0,4
1342,1,0,0.0,3
1341,2,0,0.0,5
1340,3,0,0.0,7
13,68,0,0.0,121
1338,23,0,0.0,45
1337,2,0,0.0,5
1336,5,0,0.0,11
1335,1,0,0.0,4
0,5,0,0.0,8
1,1,0,0.0,3
20,1,0,0.0,2
17,1,0,0.0,3
16,2,0,0.0,6
15,1,0,0.0,2
1339,2,0,0.0,4
1296,1,0,0.0,3
1295,2,0,0.0,7
1294,1,0,0.0,4
1293,1,0,0.0,4
1292,10,0,0.0,21
1291,2,0,0.0,6
1290,44,0,0.0,88
1289,1,0,0.0,4
1288,3,0,0.0,8
1318,1,0,0.0,4
1286,1,0,0.0,3
1285,8,0,0.0,17
1284,1,0,0.0,4
1283,49,0,0.0,97
1282,1,0,0.0,3
1281,2,0,0.0,7
1280,1,0,0.0,4
1279,14,0,0.0,31
1278,8,0,0.0,18
1287,1,0,0.0,3
1317,1,0,0.0,3
1316,1,0,0.0,3
1315,1,0,0.0,4
1314,1,0,0.0,3
1313,5,0,0.0,13
1312,1,0,0.0,3
1311,1,0,0.0,3
1310,5,0,0.0,12
1309,2,0,0.0,7
1297,1,0,0.0,3
1307,1,0,0.0,4
1306,1,0,0.0,3
1305,2,0,0.0,5
1304,1,0,0.0,3
1303,3,0,0.0,9
1302,4,0,0.0,8
1301,1,0,0.0,3
1300,2,0,0.0,6
1299,5,0,0.0,7
1298,4,0,0.0,9
1308,1,0,0.0,4
1082,1,0,0.0,4
1081,4,0,0.0,9
1080,73,0,0.0,144
1079,3,0,0.0,8
1078,1,0,0.0,3
1077,1,0,0.0,3
1076,3,0,0.0,7
1075,4,0,0.0,10
1074,3,0,0.0,8
1191,1,0,0.0,1
1072,1,0,0.0,3
1071,1,0,0.0,3
1070,2,0,0.0,6
1069,15,0,0.0,31
1068,9,0,0.0,14
1067,40,0,0.0,72
1066,2,0,0.0,6
1065,3,0,0.0,7
1064,4,0,0.0,8
1073,1,0,0.0,3
1103,2,0,0.0,5
1102,8,0,0.0,14
1101,4,0,0.0,10
1100,1,0,0.0,3
1099,1,0,0.0,3
1098,2,0,0.0,4
1097,3,0,0.0,7
1096,1,0,0.0,3
1095,1,0,0.0,3
1083,2,0,0.0,6
1093,4,0,0.0,12
1092,4,0,0.0,10
1091,1,0,0.0,3
1090,1,0,0.0,3
1089,1,0,0.0,3
1088,1,0,0.0,3
1087,1,0,0.0,3
1086,1,0,0.0,4
1085,1,0,0.0,3
1084,1,0,0.0,3
1094,1,0,0.0,3
1041,12,0,0.0,29
1040,3,0,0.0,8
1039,1,0,0.0,3
1038,2,0,0.0,5
1036,2,0,0.0,6
1034,1,0,0.0,3
1033,91,0,0.0,171
1032,51,0,0.0,96
1031,1,0,0.0,3
1063,1,0,0.0,3
1029,2,0,0.0,5
1028,5,0,0.0,9
1027,1,0,0.0,3
1026,3,0,0.0,9
1025,1,0,0.0,2
1024,1,0,0.0,3
1023,90,0,0.0,192
1022,1,0,0.0,2
1021,1,0,0.0,3
1030,12,0,0.0,26
1062,1,0,0.0,3
1061,34,0,0.0,64
1060,1,0,0.0,3
1059,7,0,0.0,16
1058,10,0,0.0,24
1057,1,0,0.0,3
1056,24,0,0.0,45
1055,3,0,0.0,7
1054,4,0,0.0,7
1042,1,0,0.0,4
1052,1,0,0.0,4
1051,1,0,0.0,3
721,1,0,0.0,3
1049,2,0,0.0,6
1048,4,0,0.0,11
1047,9,0,0.0,22
1046,2,0,0.0,6
1045,1,0,0.0,4
1044,1,0,0.0,4
1043,2,0,0.0,6
1053,1,0,0.0,3
1167,2,0,0.0,6
1166,7,0,0.0,11
1165,6,0,0.0,16
1164,1,0,0.0,3
1163,2,0,0.0,5
1162,1,0,0.0,3
1160,2,0,0.0,5
1159,15,0,0.0,28
1158,2,0,0.0,6
1104,4,0,0.0,9
1156,2,0,0.0,5
1155,1,0,0.0,3
1154,1,0,0.0,3
1153,2,0,0.0,6
1152,4,0,0.0,10
1151,11,0,0.0,22
1150,1,0,0.0,3
1149,1,0,0.0,3
1148,2,0,0.0,7
1157,1,0,0.0,4
1190,1,0,0.0,4
1189,1,0,0.0,3
1188,3,0,0.0,7
1187,1,0,0.0,4
1186,11,0,0.0,17
1185,1,0,0.0,3
1183,1,0,0.0,3
1182,1,0,0.0,3
1181,1,0,0.0,3
1168,1,0,0.0,3
1179,7,0,0.0,17
1178,3,0,0.0,8
1177,1,0,0.0,3
1176,3,0,0.0,8
1175,18,0,0.0,36
1173,2,0,0.0,6
1172,1,0,0.0,4
1171,2,0,0.0,4
1170,1,0,0.0,4
1169,2,0,0.0,7
1180,4,0,0.0,8
1124,2,0,0.0,6
1123,1,0,0.0,3
1122,1,0,0.0,4
1121,1,0,0.0,3
1120,1,0,0.0,4
1119,12,0,0.0,20
1118,2,0,0.0,4
1117,4,0,0.0,8
1116,1,0,0.0,3
1147,1,0,0.0,4
1113,2,0,0.0,4
1112,2,0,0.0,6
1111,19,0,0.0,32
1110,1,0,0.0,3
1109,1,0,0.0,3
1108,1,0,0.0,3
1107,2,0,0.0,4
1106,1,0,0.0,3
1105,3,0,0.0,7
1114,1,0,0.0,3
1146,2,0,0.0,4
1145,2,0,0.0,6
1144,1,0,0.0,3
1143,3,0,0.0,9
1142,1,0,0.0,4
1141,4,0,0.0,7
1140,1,0,0.0,4
1139,1,0,0.0,3
1138,4,0,0.0,10
1125,1,0,0.0,3
1136,1,0,0.0,3
1135,2,0,0.0,6
1133,1,0,0.0,3
1132,1,0,0.0,3
1131,1,0,0.0,4
1130,1,0,0.0,4
1129,3,0,0.0,7
1128,2,0,0.0,5
1127,2,0,0.0,6
1126,1,0,0.0,3
1137,5,0,0.0,11
255,11,0,0.0,18
254,9,0,0.0,15
253,1,0,0.0,4
252,5,0,0.0,10
251,8,0,0.0,15
250,4,0,0.0,12
249,1,0,0.0,3
248,1,0,0.0,3
247,57,0,0.0,109
682,2,0,0.0,4
244,1,0,0.0,4
241,38,0,0.0,75
240,1,0,0.0,3
239,2,0,0.0,5
238,1,0,0.0,3
237,4,0,0.0,8
235,1,0,0.0,4
234,5,0,0.0,12
232,5,0,0.0,12
245,3,0,0.0,7
278,2,0,0.0,5
277,17,0,0.0,29
276,1,0,0.0,3
275,1,0,0.0,4
274,1,0,0.0,3
273,1,0,0.0,3
272,1,0,0.0,3
271,14,0,0.0,23
270,2,0,0.0,4
256,1,0,0.0,4
268,1,0,0.0,4
267,12,0,0.0,25
266,1,0,0.0,4
265,1,0,0.0,3
263,2,0,0.0,5
262,38,0,0.0,75
261,4,0,0.0,6
259,1,0,0.0,4
258,3,0,0.0,6
269,2,0,0.0,4
206,1,0,0.0,4
205,12,0,0.0,22
204,8,0,0.0,14
203,1,0,0.0,3
202,1,0,0.0,3
201,60,0,0.0,127
199,1,0,0.0,3
198,3,0,0.0,6
197,3,0,0.0,7
231,19,0,0.0,35
194,10,0,0.0,16
193,4,0,0.0,8
191,1,0,0.0,3
190,7,0,0.0,14
189,4,0,0.0,8
188,1,0,0.0,3
187,3,0,0.0,7
186,2,0,0.0,3
185,5,0,0.0,10
195,2,0,0.0,6
230,1,0,0.0,3
229,1,0,0.0,4
228,1,0,0.0,4
226,22,0,0.0,39
225,2,0,0.0,5
224,4,0,0.0,9
223,8,0,0.0,17
222,3,0,0.0,7
219,1,0,0.0,3
207,5,0,0.0,11
216,7,0,0.0,12
215,4,0,0.0,11
214,1,0,0.0,3
213,1,0,0.0,3
212,3,0,0.0,6
211,6,0,0.0,12
210,4,0,0.0,9
209,3,0,0.0,7
208,1,0,0.0,3
218,2,0,0.0,6
346,2,0,0.0,5
345,72,0,0.0,153
344,8,0,0.0,20
343,3,0,0.0,5
342,9,0,0.0,15
341,1,0,0.0,4
340,4,0,0.0,10
339,3,0,0.0,6
338,4,0,0.0,10
279,1,0,0.0,2
336,7,0,0.0,17
335,8,0,0.0,17
334,4,0,0.0,6
333,4,0,0.0,7
332,1,0,0.0,3
331,1,0,0.0,3
330,9,0,0.0,18
329,1,0,0.0,3
328,1,0,0.0,3
337,5,0,0.0,12
367,1,0,0.0,3
366,1,0,0.0,3
365,1,0,0.0,3
364,12,0,0.0,19
362,1,0,0.0,3
361,1,0,0.0,3
360,2,0,0.0,4
359,1,0,0.0,3
358,5,0,0.0,5
347,6,0,0.0,12
356,4,0,0.0,9
355,12,0,0.0,23
354,3,0,0.0,7
353,1,0,0.0,3
352,15,0,0.0,27
351,1,0,0.0,3
350,2,0,0.0,5
349,1,0,0.0,3
348,2,0,0.0,6
357,1,0,0.0,3
300,6,0,0.0,14
299,35,0,0.0,68
298,1,0,0.0,3
297,1,0,0.0,4
296,4,0,0.0,9
295,84,0,0.0,162
294,1,0,0.0,3
292,1,0,0.0,4
291,2,0,0.0,6
327,1,0,0.0,3
289,7,0,0.0,15
288,7,0,0.0,14
287,3,0,0.0,7
285,10,0,0.0,21
284,1,0,0.0,3
283,2,0,0.0,6
282,7,0,0.0,16
281,3,0,0.0,6
280,6,0,0.0,16
290,2,0,0.0,6
326,70,0,0.0,131
325,37,0,0.0,76
324,4,0,0.0,8
323,1,0,0.0,3
322,1,0,0.0,2
319,2,0,0.0,6
317,4,0,0.0,6
315,3,0,0.0,7
314,1,0,0.0,3
301,1,0,0.0,3
311,2,0,0.0,6
310,2,0,0.0,3
309,7,0,0.0,12
308,2,0,0.0,3
307,1,0,0.0,4
306,3,0,0.0,7
305,1,0,0.0,3
304,71,0,0.0,151
303,1,0,0.0,3
302,3,0,0.0,6
312,2,0,0.0,5
68,3,0,0.0,8
67,2,0,0.0,5
66,1,0,0.0,4
64,12,0,0.0,24
63,5,0,0.0,9
62,7,0,0.0,16
60,18,0,0.0,37
59,1,0,0.0,3
57,5,0,0.0,9
184,1,0,0.0,3
55,2,0,0.0,7
54,14,0,0.0,28
52,12,0,0.0,22
51,3,0,0.0,6
49,47,0,0.0,85
48,1,0,0.0,3
47,4,0,0.0,11
46,9,0,0.0,19
45,2,0,0.0,4
56,3,0,0.0,7
92,1,0,0.0,3
91,2,0,0.0,5
90,4,0,0.0,5
89,7,0,0.0,11
88,5,0,0.0,10
87,4,0,0.0,11
86,1,0,0.0,3
85,1,0,0.0,3
84,6,0,0.0,15
69,1,0,0.0,3
82,6,0,0.0,8
80,1,0,0.0,4
79,4,0,0.0,10
78,1,0,0.0,2
77,1,0,0.0,4
76,1,0,0.0,2
74,1,0,0.0,4
71,1,0,0.0,2
70,10,0,0.0,21
83,1,0,0.0,3
1363,1,0,0.0,4
1362,1,0,0.0,1
1361,3,0,0.0,8
1360,8,0,0.0,19
1359,1,0,0.0,4
1358,8,0,0.0,14
1357,13,0,0.0,23
1356,2,0,0.0,7
1355,1,0,0.0,4
44,50,0,0.0,107
1353,1,0,0.0,4
1352,4,0,0.0,10
1351,1,0,0.0,3
1349,1,0,0.0,4
1350,1,0,0.0,4
21,26,0,0.0,55
1334,3,0,0.0,8
5,1,0,0.0,3
4,1,0,0.0,2
1354,5,0,0.0,11
43,20,0,0.0,31
42,1,0,0.0,3
41,88,0,0.0,171
40,1,0,0.0,3
39,12,0,0.0,21
38,2,0,0.0,6
35,1,0,0.0,4
34,80,0,0.0,162
33,33,0,0.0,64
1364,1,0,0.0,3
31,1,0,0.0,3
30,16,0,0.0,33
29,5,0,0.0,9
26,8,0,0.0,16
25,1,0,0.0,3
24,1,0,0.0,3
23,4,0,0.0,6
22,6,0,0.0,11
1365,1,0,0.0,3
32,2,0,0.0,3
159,3,0,0.0,4
158,5,0,0.0,11
157,3,0,0.0,6
156,9,0,0.0,17
155,2,0,0.0,4
154,5,0,0.0,10
153,1,0,0.0,4
152,1,0,0.0,4
151,2,0,0.0,4
93,1,0,0.0,3
149,48,0,0.0,97
148,2,0,0.0,4
147,1,0,0.0,3
145,9,0,0.0,16
144,1,0,0.0,4
143,5,0,0.0,9
142,8,0,0.0,11
140,8,0,0.0,10
139,9,0,0.0,14
150,3,0,0.0,7
183,4,0,0.0,9
182,1,0,0.0,3
181,5,0,0.0,12
180,2,0,0.0,4
179,3,0,0.0,6
178,16,0,0.0,25
176,1,0,0.0,4
175,13,0,0.0,29
173,3,0,0.0,5
161,3,0,0.0,7
171,7,0,0.0,15
170,2,0,0.0,6
169,1,0,0.0,4
168,5,0,0.0,12
167,1,0,0.0,3
166,2,0,0.0,5
165,5,0,0.0,11
164,1,0,0.0,4
162,6,0,0.0,13
172,1,0,0.0,3
114,14,0,0.0,28
113,1,0,0.0,3
112,5,0,0.0,13
111,4,0,0.0,9
110,1,0,0.0,3
109,1,0,0.0,4
108,1,0,0.0,4
107,1,0,0.0,3
105,2,0,0.0,4
138,1,0,0.0,3
103,1,0,0.0,3
102,4,0,0.0,10
100,2,0,0.0,6
99,27,0,0.0,54
98,1,0,0.0,3
97,6,0,0.0,9
96,1,0,0.0,3
95,7,0,0.0,17
94,1,0,0.0,4
104,3,0,0.0,5
137,2,0,0.0,5
136,4,0,0.0,7
135,2,0,0.0,5
133,1,0,0.0,4
132,1,0,0.0,3
131,2,0,0.0,4
130,1,0,0.0,4
129,1,0,0.0,3
128,1,0,0.0,3
115,14,0,0.0,28
126,3,0,0.0,5
125,1,0,0.0,4
124,1,0,0.0,3
122,8,0,0.0,13
121,1,0,0.0,3
120,8,0,0.0,15
119,1,0,0.0,3
118,3,0,0.0,4
117,1,0,0.0,2
116,1,0,0.0,4
127,7,0,0.0,11
612,1,0,0.0,3
611,3,0,0.0,5
610,3,0,0.0,5
609,18,0,0.0,32
608,1,0,0.0,3
606,2,0,0.0,5
605,4,0,0.0,10
604,4,0,0.0,10
603,1,0,0.0,4
368,10,0,0.0,18
601,7,0,0.0,10
600,1,0,0.0,3
599,3,0,0.0,8
598,2,0,0.0,5
597,1,0,0.0,4
596,2,0,0.0,4
595,3,0,0.0,5
594,1,0,0.0,3
593,1,0,0.0,3
602,4,0,0.0,8
633,1,0,0.0,4
632,2,0,0.0,5
630,1,0,0.0,4
629,9,0,0.0,17
628,9,0,0.0,20
627,10,0,0.0,19
626,3,0,0.0,6
625,6,0,0.0,15
624,1,0,0.0,3
613,3,0,0.0,6
622,1,0,0.0,3
621,1,0,0.0,3
620,3,0,0.0,8
619,31,0,0.0,64
618,2,0,0.0,5
617,66,0,0.0,137
616,1,0,0.0,3
615,1,0,0.0,3
614,5,0,0.0,12
623,1,0,0.0,3
570,2,0,0.0,7
569,3,0,0.0,8
568,3,0,0.0,6
566,7,0,0.0,16
564,1,0,0.0,4
562,16,0,0.0,31
561,5,0,0.0,11
560,12,0,0.0,26
559,1,0,0.0,3
592,1,0,0.0,3
557,1,0,0.0,3
556,1,0,0.0,3
555,2,0,0.0,6
554,8,0,0.0,18
553,2,0,0.0,5
551,1,0,0.0,3
549,2,0,0.0,3
548,5,0,0.0,10
547,2,0,0.0,4
558,3,0,0.0,5
590,1,0,0.0,3
589,9,0,0.0,19
588,2,0,0.0,4
587,1,0,0.0,4
586,1,0,0.0,3
585,2,0,0.0,4
584,2,0,0.0,6
583,2,0,0.0,5
582,3,0,0.0,7
571,2,0,0.0,5
580,8,0,0.0,11
579,2,0,0.0,4
578,9,0,0.0,13
577,1,0,0.0,3
576,1,0,0.0,3
575,2,0,0.0,5
574,5,0,0.0,10
573,1,0,0.0,3
572,1,0,0.0,3
581,1,0,0.0,4
698,1,0,0.0,4
697,1,0,0.0,4
696,2,0,0.0,5
695,2,0,0.0,5
694,2,0,0.0,7
693,1,0,0.0,3
692,1,0,0.0,4
691,2,0,0.0,6
690,1,0,0.0,4
634,82,0,0.0,163
688,3,0,0.0,6
687,2,0,0.0,5
686,8,0,0.0,17
685,1,0,0.0,4
684,24,0,0.0,51
683,11,0,0.0,28
3,43,0,0.0,90
681,17,0,0.0,36
680,4,0,0.0,11
689,1,0,0.0,3
720,1,0,0.0,3
719,5,0,0.0,11
718,3,0,0.0,6
717,1,0,0.0,2
716,1,0,0.0,4
715,1,0,0.0,3
714,1,0,0.0,2
713,1,0,0.0,3
712,1,0,0.0,3
699,3,0,0.0,5
710,4,0,0.0,10
709,62,0,0.0,123
707,5,0,0.0,8
706,5,0,0.0,13
704,2,0,0.0,5
703,2,0,0.0,5
702,1,0,0.0,4
701,10,0,0.0,23
700,4,0,0.0,5
711,3,0,0.0,6
657,1,0,0.0,4
656,2,0,0.0,4
655,1,0,0.0,3
654,4,0,0.0,9
653,1,0,0.0,4
651,2,0,0.0,5
650,2,0,0.0,5
649,1,0,0.0,2
648,3,0,0.0,8
679,57,0,0.0,102
646,1,0,0.0,4
645,10,0,0.0,19
644,2,0,0.0,6
643,27,0,0.0,55
642,1,0,0.0,4
641,1,0,0.0,4
640,1,0,0.0,4
637,1,0,0.0,3
636,1,0,0.0,4
647,5,0,0.0,9
678,2,0,0.0,5
677,1,0,0.0,3
676,37,0,0.0,70
675,1,0,0.0,4
674,61,0,0.0,128
673,1,0,0.0,3
672,2,0,0.0,3
671,2,0,0.0,5
670,2,0,0.0,4
658,1,0,0.0,3
668,1,0,0.0,3
667,1,0,0.0,3
666,2,0,0.0,5
665,8,0,0.0,15
664,1,0,0.0,3
663,2,0,0.0,6
662,1,0,0.0,4
661,2,0,0.0,4
660,1,0,0.0,3
659,1,0,0.0,3
669,1,0,0.0,3
433,3,0,0.0,7
432,1,0,0.0,4
431,4,0,0.0,5
430,1,0,0.0,4
428,2,0,0.0,6
427,1,0,0.0,3
426,11,0,0.0,23
425,2,0,0.0,5
424,4,0,0.0,8
546,16,0,0.0,36
422,6,0,0.0,11
421,6,0,0.0,13
420,53,0,0.0,98
419,4,0,0.0,8
418,6,0,0.0,11
417,5,0,0.0,10
416,19,0,0.0,38
415,1,0,0.0,3
414,2,0,0.0,4
423,3,0,0.0,5
456,2,0,0.0,6
455,5,0,0.0,9
454,1,0,0.0,3
453,1,0,0.0,4
452,2,0,0.0,5
450,12,0,0.0,29
449,1,0,0.0,3
448,6,0,0.0,9
447,4,0,0.0,9
434,4,0,0.0,6
445,1,0,0.0,3
444,83,0,0.0,166
443,1,0,0.0,3
441,3,0,0.0,7
440,5,0,0.0,8
439,1,0,0.0,3
438,4,0,0.0,6
436,1,0,0.0,4
435,5,0,0.0,7
446,14,0,0.0,25
388,2,0,0.0,6
387,1,0,0.0,3
386,1,0,0.0,4
385,1,0,0.0,3
384,11,0,0.0,28
383,2,0,0.0,4
382,1,0,0.0,3
381,8,0,0.0,18
380,8,0,0.0,16
413,10,0,0.0,23
378,12,0,0.0,23
377,2,0,0.0,6
376,1,0,0.0,3
375,1,0,0.0,2
374,3,0,0.0,9
373,4,0,0.0,11
372,2,0,0.0,5
370,1,0,0.0,3
369,1,0,0.0,4
379,9,0,0.0,18
412,2,0,0.0,7
411,9,0,0.0,19
410,1,0,0.0,4
409,1,0,0.0,2
408,1,0,0.0,2
407,1,0,0.0,4
406,11,0,0.0,19
404,4,0,0.0,8
403,1,0,0.0,3
389,2,0,0.0,5
401,1,0,0.0,3
400,2,0,0.0,5
399,16,0,0.0,24
398,2,0,0.0,5
397,1,0,0.0,3
395,3,0,0.0,6
394,2,0,0.0,5
393,1,0,0.0,4
392,3,0,0.0,7
390,3,0,0.0,7
402,1,0,0.0,4
521,1,0,0.0,3
520,8,0,0.0,15
519,6,0,0.0,12
518,12,0,0.0,28
517,1,0,0.0,3
516,2,0,0.0,4
515,1,0,0.0,3
514,1,0,0.0,3
513,2,0,0.0,4
459,2,0,0.0,5
511,2,0,0.0,5
510,1,0,0.0,3
509,2,0,0.0,6
508,1,0,0.0,3
507,47,0,0.0,86
506,4,0,0.0,8
505,2,0,0.0,7
504,2,0,0.0,4
503,3,0,0.0,8
512,5,0,0.0,7
545,1,0,0.0,4
544,1,0,0.0,3
543,3,0,0.0,6
542,7,0,0.0,11
541,1,0,0.0,4
540,19,0,0.0,37
539,1,0,0.0,3
538,14,0,0.0,26
537,36,0,0.0,73
522,4,0,0.0,10
535,1,0,0.0,3
534,10,0,0.0,18
533,2,0,0.0,6
532,1,0,0.0,3
529,1,0,0.0,3
528,1,0,0.0,4
526,5,0,0.0,12
525,1,0,0.0,3
523,1,0,0.0,4
536,1,0,0.0,4
479,1,0,0.0,3
478,75,0,0.0,152
477,4,0,0.0,7
476,2,0,0.0,5
474,5,0,0.0,11
473,1,0,0.0,4
472,1,0,0.0,3
471,66,0,0.0,122
470,6,0,0.0,12
502,1,0,0.0,3
468,32,0,0.0,61
467,2,0,0.0,5
466,1,0,0.0,3
465,12,0,0.0,26
464,1,0,0.0,3
463,1,0,0.0,3
462,1,0,0.0,3
461,13,0,0.0,30
460,1,0,0.0,3
469,2,0,0.0,4
501,10,0,0.0,18
500,2,0,0.0,3
499,1,0,0.0,3
498,1,0,0.0,3
497,2,0,0.0,6
496,1,0,0.0,3
495,1,0,0.0,3
494,1,0,0.0,3
493,15,0,0.0,19
480,1,0,0.0,3
491,1,0,0.0,3
490,1,0,0.0,3
489,1,0,0.0,3
488,1,0,0.0,3
487,1,0,0.0,4
485,1,0,0.0,3
484,1,0,0.0,4
483,4,0,0.0,9
482,1,0,0.0,3
481,2,0,0.0,5
492,1,0,0.0,3
